22 January 2015	ONE
14 January 2015	LOTTE
14 January 2015	MARRIOTT
09 January 2015	FIT
09 January 2015	LAT
09 January 2015	KDDI
09 January 2015	BANK
30 December 2014	SHRIRAM
25 December 2014	ZUERICH
25 December 2014	FLOWERS
25 December 2014	GGEE
25 December 2014	SALE
25 December 2014	AMSTERDAM
25 December 2014	VIDEO
18 December 2014	DOCS
18 December 2014	TIRES
18 December 2014	DEV
13 December 2014	SCHWARZ
13 December 2014	IWC
13 December 2014	OSAKA
13 December 2014	SEW
13 December 2014	GARDEN
13 December 2014	LIDL
13 December 2014	DOOSAN
12 December 2014	SKY
11 December 2014	CARTIER
10 December 2014	SAMSUNG
06 December 2014	xn--czrs0t (商店, "shop", /shangdian/)
06 December 2014	ADULT
06 December 2014	PORN
06 December 2014	TRUST
06 December 2014	EUROVISION
06 December 2014	FASHION
02 December 2014	LATROBE
02 December 2014	IRISH
02 December 2014	xn--hxt814e (网店, "webstore", /wang dian/)
02 December 2014	AQUARELLE
26 November 2014	MEMORIAL
26 November 2014	LEGAL
26 November 2014	MONEY
26 November 2014	COACH
26 November 2014	EVERBANK
20 November 2014	xn--flw351e (谷歌, "Google", /guge/)
20 November 2014	madrid
20 November 2014	firmdale
20 November 2014	xn--qcka1pmc (グーグル, "Google", /guguru/)
19 November 2014	MORMON
19 November 2014	LDS
17 November 2014	PARTY
17 November 2014	xn--45q11c (八卦, "gossip", /bagua/)
17 November 2014	CRICKET
15 November 2014	SCIENCE
12 November 2014	REIT
12 November 2014	ANDROID
5 November 2014	SYDNEY
5 November 2014	BLOOMBERG
1 November 2014	ENERGY
1 November 2014	DELIVERY
23 October 2014	TAIPEI
22 October 2014	EMERCK
15 October 2014	FLSMIDTH
15 October 2014	BAND
15 October 2014	YOGA
15 October 2014	CRS
15 October 2014	ABOGADO
15 October 2014	RIP
15 October 2014	WEDDING
15 October 2014	POKER
4 October 2014	ALSACE
1 October 2014	ALLFINANZ
1 October 2014	IBM
1 October 2014	FORSALE
27 September 2014	vermögensberatung (xn--vermgensberatung-pwb) – German for "financial advice"
27 September 2014	vermögensberater (xn--vermgensberater-ctb) – German for "financial advisor"
27 September 2014	рус (xn--p1acf) – Russian for "Russian"
27 September 2014	TUI
27 September 2014	DVAG
27 September 2014	POHL
23 September 2014	WORK
23 September 2014	CASA
23 September 2014	BUDAPEST
19 September 2014	WORLD
15 September 2014	FLY
15 September 2014	NEXUS
15 September 2014	CHANNEL
15 September 2014	PROF
15 September 2014	GLE
15 September 2014	ZIP
15 September 2014	CAL
15 September 2014	CHROME
10 September 2014	WME
5 September 2014	PHARMACY
5 September 2014	GMX
30 August 2014	BOO
30 August 2014	DAD
30 August 2014	DAY
30 August 2014	FRL
30 August 2014	ING
30 August 2014	NEW
30 August 2014	MOV
30 August 2014	RSVP
30 August 2014	EAT
30 August 2014	MEME
29 August 2014	YOUTUBE
29 August 2014	HERE
29 August 2014	PROD
29 August 2014	ESQ
27 August 2014	IMMO
27 August 2014	PIZZA
27 August 2014	GMAIL
27 August 2014	GBIZ
27 August 2014	OTSUKA
22 August 2014	BUSINESS
22 August 2014	企业 (xn--vhquv) – chinese for "enterprise"
22 August 2014	NETWORK
16 August 2014	CLICK
16 August 2014	DIET
16 August 2014	HOW
16 August 2014	OOO
16 August 2014	UOL
16 August 2014	HELP
16 August 2014	HOSTING
16 August 2014	PROPERTY
16 August 2014	LTDA
16 August 2014	CERN
14 August 2014	CARAVAN
14 August 2014	SCA
14 August 2014	广东 (xn--xhq521b) – Chinese province of "Guangdong"
14 August 2014	佛山 (xn--1qqw23a) – Chinese city of "Foshan"
14 August 2014	BNPPARIBAS
8 August 2014	RESTAURANT
8 August 2014	CYMRU
8 August 2014	SARL
8 August 2014	GIFTS
7 August 2014	WALES
7 August 2014	TATAR
3 August 2014	TOP
30 July 2014	HEALTHCARE
30 July 2014	REALTOR
28 July 2014	WILLIAMHILL
28 July 2014	ONG
18 July 2014	PRAXI
18 July 2014	YANDEX
18 July 2014	AUCTION
18 July 2014	WHOSWHO
18 July 2014	KRD
18 July 2014	NGO
18 July 2014	NRA
18 July 2014	SPIEGEL
18 July 2014	LACAIXA
18 July 2014	LGBT
13 July 2014	GENT
11 July 2014	NRW
11 July 2014	SCB
10 July 2014	DEALS
10 July 2014	MELBOURNE
10 July 2014	CITY
3 July 2014	schmidt
3 July 2014	cuisinella
3 July 2014	cancerresearch
2 July 2014	DIRECT
2 July 2014	PLACE
2 July 2014	SUZUKI
26 June 2014	ACTIVE
24 June 2014	MINI
21 June 2014	BMW
19 June 2014	OVH
19 June 2014	CAPETOWN
19 June 2014	PHYSIO
19 June 2014	LOTTO
19 June 2014	DURBAN
19 June 2014	GREEN
19 June 2014	JOBURG
18 June 2014	vlaanderen
18 June 2014	brussels
18 June 2014	surf
17 June 2014	手机 (xn--kput3i) – Chinese for "cell phone"
17 June 2014	BZH
13 June 2014	SCOT
13 June 2014	ORGANIC
6 June 2014	GLOBAL
4 June 2014	ENGINEER
4 June 2014	NHK
4 June 2014	HAMBURG
4 June 2014	REHAB
4 June 2014	TIROL
4 June 2014	REPUBLICAN
4 June 2014	GIVES
4 June 2014	NAVY
4 June 2014	ARMY
2 June 2014	BIO
31 May 2014	LAWYER
31 May 2014	VET
31 May 2014	MORTGAGE
31 May 2014	SOFTWARE
31 May 2014	HOST
31 May 2014	MARKET
31 May 2014	DENTIST
31 May 2014	HIV
31 May 2014	ATTORNEY
31 May 2014	PRESS
30 May 2014	DEGREE
30 May 2014	SPACE
30 May 2014	WEBSITE
28 May 2014	موقع (xn--4gbrim) – Arabic for "site"
22 May 2014	YACHTS
22 May 2014	RIO
22 May 2014	HOMES
22 May 2014	AUTOS
22 May 2014	VERSICHERUNG
22 May 2014	REISE
22 May 2014	MOTORCYCLES
22 May 2014	商标 (xn--czr694b) – Chinese for "trademark"
15 May 2014	GUIDE
15 May 2014	AUDIO
15 May 2014	HIPHOP
15 May 2014	LOANS
15 May 2014	CHURCH
15 May 2014	LIFE
15 May 2014	BEER
15 May 2014	JUEGOS
15 May 2014	LUXE
7 May 2014	CREDIT
7 May 2014	ACCOUNTANTS
7 May 2014	DIGITAL
7 May 2014	CLAIMS
3 May 2014	GMO
3 May 2014	GLOBO
3 May 2014	BAYERN
30 April 2014	AIRFORCE
29 April 2014	CREDITCARD
29 April 2014	INSURE
29 April 2014	FINANCE
29 April 2014	WTC
29 April 2014	CITIC
24 April 2014	москва (xn--80adxhks) – Russian for "Moscow/ moskva"
24 April 2014	MOSCOW
23 April 2014	LIMITED
23 April 2014	FAIL
23 April 2014	EXCHANGE
23 April 2014	TAX
23 April 2014	WTF
23 April 2014	FUND
23 April 2014	SURGERY
23 April 2014	INVESTMENTS
23 April 2014	FINANCIAL
23 April 2014	GRATIS
23 April 2014	FURNITURE
23 April 2014	DENTAL
23 April 2014	CARE
23 April 2014	CASH
23 April 2014	DISCOUNT
23 April 2014	BLACKFRIDAY
23 April 2014	CLINIC
23 April 2014	FITNESS
19 April 2014	SCHULE
19 April 2014	FOO
19 April 2014	SOY
19 April 2014	PARIS
19 April 2014	FROGANS
16 April 2014	QUEBEC
11 April 2014	PICTURES
11 April 2014	UNIVERSITY
11 April 2014	GAL
11 April 2014	ASSOCIATES
11 April 2014	REISEN
11 April 2014	MEDIA
11 April 2014	CAREER
11 April 2014	TOWN
11 April 2014	TOYS
11 April 2014	LEASE
11 April 2014	SERVICES
11 April 2014	ENGINEERING
11 April 2014	GRIPE
11 April 2014	EUS
11 April 2014	CAPITAL
10 April 2014	DESI
10 April 2014	FEEDBACK
10 April 2014	COLLEGE
10 April 2014	ROCKS
10 April 2014	网址 (xn--ses554g) – Chinese for "network address"
4 April 2014	GOP
3 April 2014	RYUKYU
3 April 2014	YOKOHAMA
2 April 2014	REST
2 April 2014	SAARLAND
1 April 2014	CONSULTING
31 March 2014	VODKA
31 March 2014	HAUS
31 March 2014	COOKING
31 March 2014	MOE
31 March 2014	RODEO
31 March 2014	COUNTRY
31 March 2014	商城(xn--czru2d) – Chinese for "mall"
31 March 2014	HORSE
31 March 2014	FISHING
31 March 2014	VEGAS
31 March 2014	MIAMI
31 March 2014	ARCHI
27 March 2014	BLACK
27 March 2014	REN
27 March 2014	MEET
25 March 2014	SOHU
22 March 2014	LONDON
20 March 2014	NYC
19 March 2014	COLOGNE
19 March 2014	AXA
19 March 2014	WEBCAM
19 March 2014	TRADE
15 March 2014	JETZT
12 March 2014	世界 (xn--rhqv96g) – Chinese for "world/shijie"
11 March 2014	DNP
11 March 2014	INK
9 March 2014	机构 (xn--nqv7f) – Chinese for "agencies/institutions"
9 March 2014	संगठन (xn--i1b6b1a6a2e) – Hindi for "organization/sangathana"
9 March 2014	组织机构 (xn--nqv7fs00ema) – Chinese for "organization"
5 March 2014	орг (xn--c1avg) – Russian for "organization/org"
5 March 2014	KOELN
2 March 2014	BID
2 March 2014	OKINAWA
2 March 2014	VOTE
2 March 2014	VOTO
27 February 2014	BAR
27 February 2014	KRED
27 February 2014	BEST
26 February 2014	CHRISTMAS
26 February 2014	PUB
26 February 2014	дети (xn--d1acj3b) – Russian for "kids/deti"
26 February 2014	ACTOR
25 February 2014	SUPPLIES
21 February 2014	FISH
21 February 2014	삼성 (xn―cg4bki) – Korean for "Samsung/Samseong"
21 February 2014	VACATIONS
21 February 2014	INDUSTRIES
21 February 2014	SUPPLY
19 February 2014	XYZ
19 February 2014	WIKI
19 February 2014	NEUSTAR
18 February 2014	بازار (xn--mgbab2bd) – Arabic for "bazaar/bazar"
16 February 2014	MANGO
12 February 2014	QPON
11 February 2014	CARDS
11 February 2014	FOUNDATION
11 February 2014	REVIEWS
11 February 2014	FUTBOL
11 February 2014	VISION
11 February 2014	CONDOS
11 February 2014	VILLAS
11 February 2014	PARTS
11 February 2014	PRODUCTIONS
11 February 2014	MAISON
5 February 2014	移动 (xn--6frz82g) – Chinese for "mobile"
5 February 2014	BLUE
4 February 2014	FLIGHTS
4 February 2014	CLEANING
4 February 2014	REPORT
4 February 2014	EVENTS
4 February 2014	CRUISES
4 February 2014	RENTALS
4 February 2014	PARTNERS
4 February 2014	PROPERTIES
4 February 2014	CATERING
4 February 2014	EXPOSED
29 January 2014	VOTING
29 January 2014	TOKYO
29 January 2014	NAGOYA
27 January 2014	DATING
27 January 2014	COMMUNITY
23 January 2014	BOUTIQUE
23 January 2014	BARGAINS
23 January 2014	TIENDA
23 January 2014	WORKS
23 January 2014	WED
23 January 2014	EXPERT
23 January 2014	WATCH
23 January 2014	KIM
23 January 2014	COOL
23 January 2014	TOOLS
18 January 2014	CLUB
18 January 2014	BUILD
18 January 2014	PICS
18 January 2014	PINK
18 January 2014	LUXURY
18 January 2014	PHOTO
18 January 2014	GIFT
18 January 2014	网络 (xn--io0a7i) – Chinese for "network"
18 January 2014	公司 (xn--55qx5d) – Chinese for "company"
18 January 2014	MONASH
18 January 2014	RICH
18 January 2014	RED
18 January 2014	SHIKSHA
18 January 2014	中信 (xn--fiq64b) – Chinese for "CITIC"
18 January 2014	LINK
18 January 2014	GUITARS
14 January 2014	ZONE
14 January 2014	CHEAP
14 January 2014	MARKETING
14 January 2014	DEMOCRAT
14 January 2014	SOCIAL
14 January 2014	AGENCY
14 January 2014	MODA
14 January 2014	DANCE
8 January 2014	BERLIN
3 January 2014	集团 (xn--3bst00m) – Chinese for "group"
3 January 2014	我爱你 (xn--6qq986b3xl) – Chinese for "I love you"
3 January 2014	中文网 (xn--fiq228c5hs) – Chinese for "Chinese network"
3 January 2014	WANG
3 January 2014	KIWI
3 January 2014	WIEN
2 January 2014	EMAIL
2 January 2014	IMMOBILIEN
2 January 2014	在线 (xn--3ds443g) – Chinese for "online"
28 December 2013	INSTITUTE
28 December 2013	CEO
28 December 2013	SOLAR
28 December 2013	FARM
28 December 2013	EDUCATION
28 December 2013	GLASS
28 December 2013	ONL
28 December 2013	INTERNATIONAL
28 December 2013	CODES
28 December 2013	TRAINING
28 December 2013	HOUSE
28 December 2013	KAUFEN
28 December 2013	NINJA
28 December 2013	REPAIR
28 December 2013	BUILDERS
28 December 2013	COFFEE
28 December 2013	FLORIST
28 December 2013	HOLIDAY
28 December 2013	SOLUTIONS
18 December 2013	BUZZ
18 December 2013	SUPPORT
17 December 2013	RECIPES
17 December 2013	COMPUTER
17 December 2013	ACADEMY
17 December 2013	CAREERS
17 December 2013	CAB
17 December 2013	公益 (xn--55qw42g) – Chinese for "charity"
17 December 2013	政务 (xn--zfr164b) – Chinese for "government"
17 December 2013	SYSTEMS
17 December 2013	DOMAINS
17 December 2013	VIAJES
17 December 2013	COMPANY
17 December 2013	CAMP
17 December 2013	LIMO
17 December 2013	MANAGEMENT
17 December 2013	PHOTOS
17 December 2013	SHOES
17 December 2013	CENTER
10 December 2013	RUHR
30 November 2013	MENU
30 November 2013	UNO
23 November 2013	みんな (xn--q9jyb4c) - Japanese for "everyone"
19 November 2013	DIAMONDS
19 November 2013	TIPS
19 November 2013	PHOTOGRAPHY
19 November 2013	DIRECTORY
19 November 2013	ENTERPRISES
19 November 2013	KITCHEN
19 November 2013	TODAY
14 November 2013	PLUMBING
14 November 2013	GRAPHICS
14 November 2013	CONTRACTORS
14 November 2013	GALLERY
14 November 2013	SEXY
14 November 2013	CONSTRUCTION
14 November 2013	TATTOO
14 November 2013	TECHNOLOGY
14 November 2013	ESTATE
14 November 2013	LAND
14 November 2013	BIKE
06 November 2013	VENTURES
06 November 2013	CAMERA
06 November 2013	CLOTHING
06 November 2013	LIGHTING
06 November 2013	SINGLES
06 November 2013	VOYAGE
06 November 2013	GURU
06 November 2013	HOLDINGS
06 November 2013	EQUIPMENT
23 October 2013	شبكة (xn--ngbc5azd) – Arabic for "web/network"
23 October 2013	онлайн (xn--80asehdb) – Russian for "online"
23 October 2013	сайт (xn--80aswg) – Russian for "site"
23 October 2013	游戏(xn--unup4y) – Chinese for "game(s)"
